cluster,tema,menciones,tuits_calificados,tuits,Atmósfera,Perspectiva política,Imagen cultural,Saliencia de violencia,Varios indicadores,un_solo_indicador
4,"C4 · méxico, viaje, ciudad, hora",66,41,99,15,0,3,0,23,18
-1,ruido,63,44,897,18,1,10,1,14,30
10,"C10 · méxico, mexicano, gente, japón",54,23,47,5,0,1,0,17,6
8,"C8 · vegetarian, ensalada, queso, recipes",14,12,60,0,0,10,0,2,10
11,"C11 · estadio, york, autobús, impresionante",9,6,46,0,1,2,0,3,3
21,"C21 · imbécil, llama, pedófilo, zorra",3,3,24,3,0,0,0,0,3
3,"C3 · yonna, streamer, chica, stream",2,2,113,0,0,1,1,0,2
5,"C5 · partido, copa, fútbol, mundo",2,2,95,2,0,0,0,0,2
7,"C7 · lindo, genial, increíble, favor",2,1,75,0,0,0,0,1,0
18,"C18 · fujisawa, kai, hit, kamakura",2,2,30,1,0,1,0,0,2
1,"C1 · especial, correcto, palabra, entrepierna",1,1,147,0,1,0,0,0,1
2,"C2 · jugador, portero, fichaje, ince",1,1,135,0,0,0,1,0,1
9,"C9 · rotundo, mitch, traemos, verdaderamente",1,1,49,0,0,0,1,0,1
15,"C15 · colega, cumpleaños, médico, besadme",1,1,35,1,0,0,0,0,1
23,"C23 · equipaje, tampón, bolsa, bolsillo",1,1,23,0,1,0,0,0,1
25,"C25 · paso, milla, corro, seguido",1,1,21,0,0,1,0,0,1
28,"C28 · entrega, sim, mes, pago",1,1,17,1,0,0,0,0,1
30,"C30 · lluvia, tormenta, sol, repentino",1,1,15,1,0,0,0,0,1
0,"C0 · cristiano, iglesia, dios, judío",0,0,180,0,0,0,0,0,0
6,"C6 · proyecto, desarrollador, vivienda, negocio",0,0,93,0,0,0,0,0,0
12,"C12 · marido, carne, batidos, leche",0,0,45,0,0,0,0,0,0
13,"C13 · tecnología, acción, ambicioso, fundador",0,0,39,0,0,0,0,0,0
14,"C14 · sitio, hecho, usuario, envío",0,0,37,0,0,0,0,0,0
16,"C16 · tarea, aplicación, app, foto",0,0,35,0,0,0,0,0,0
17,"C17 · entrada, vuelo, club, inglaterra",0,0,33,0,0,0,0,0,0
19,"C19 · extraño, correo, electrónico, terapia",0,0,27,0,0,0,0,0,0
20,"C20 · hora, presidente, kompany, wednesday",0,0,26,0,0,0,0,0,0
22,"C22 · voz, película, lotta, mandalorian",0,0,23,0,0,0,0,0,0
24,"C24 · mujer, gay, militar, feminista",0,0,22,0,0,0,0,0,0
26,"C26 · gracia, mentalmente, inolvidable, artista",0,0,20,0,0,0,0,0,0
27,"C27 · publicación, hermano, post, hermoso",0,0,19,0,0,0,0,0,0
29,"C29 · efecto, phat, indeed, yes",0,0,16,0,0,0,0,0,0
-2,sin texto útil,0,0,88,0,0,0,0,0,0
