lang,Atmósfera,Perspectiva política,Imagen cultural,Saliencia de violencia,Varios indicadores,un_solo_indicador,tuits_calificados,tuits
en,32,2,16,2,41,52,93,2059
ja,12,2,12,2,17,28,45,432
qme,0,0,0,0,0,0,0,64
und,0,0,0,0,1,0,1,22
es,2,0,1,0,1,3,4,12
zxx,0,0,0,0,0,0,0,8
ht,0,0,0,0,0,0,0,5
art,0,0,0,0,0,0,0,4
in,0,0,0,0,0,0,0,4
tl,0,0,0,0,0,0,0,4
fr,0,0,0,0,0,0,0,3
pt,1,0,0,0,0,1,1,3
qam,0,0,0,0,0,0,0,2
et,0,0,0,0,0,0,0,1
eu,0,0,0,0,0,0,0,1
fi,0,0,0,0,0,0,0,1
it,0,0,0,0,0,0,0,1
no,0,0,0,0,0,0,0,1
pl,0,0,0,0,0,0,0,1
qht,0,0,0,0,0,0,0,1
qst,0,0,0,0,0,0,0,1
sv,0,0,0,0,0,0,0,1
