cluster,tema,Atmósfera,Atmósfera + Imagen cultural,Atmósfera + Imagen cultural + Saliencia de violencia,Atmósfera + Perspectiva política,Atmósfera + Perspectiva política + Imagen cultural,Atmósfera + Perspectiva política + Imagen cultural + Saliencia de violencia,Atmósfera + Perspectiva política + Saliencia de violencia,Atmósfera + Saliencia de violencia,Imagen cultural,Perspectiva política,Perspectiva política + Imagen cultural,Perspectiva política + Saliencia de violencia,Saliencia de violencia
-1,ruido,18,6,1,1,1,0,3,1,10,1,1,0,1
1,"C1 · especial, correcto, palabra, entrepierna",0,0,0,0,0,0,0,0,0,1,0,0,0
2,"C2 · jugador, portero, fichaje, ince",0,0,0,0,0,0,0,0,0,0,0,0,1
3,"C3 · yonna, streamer, chica, stream",0,0,0,0,0,0,0,0,1,0,0,0,1
4,"C4 · méxico, viaje, ciudad, hora",15,20,1,1,1,0,0,0,3,0,0,0,0
5,"C5 · partido, copa, fútbol, mundo",2,0,0,0,0,0,0,0,0,0,0,0,0
7,"C7 · lindo, genial, increíble, favor",0,1,0,0,0,0,0,0,0,0,0,0,0
8,"C8 · vegetarian, ensalada, queso, recipes",0,2,0,0,0,0,0,0,10,0,0,0,0
9,"C9 · rotundo, mitch, traemos, verdaderamente",0,0,0,0,0,0,0,0,0,0,0,0,1
10,"C10 · méxico, mexicano, gente, japón",5,2,2,0,0,2,8,2,1,0,0,1,0
11,"C11 · estadio, york, autobús, impresionante",0,1,0,1,0,0,0,0,2,1,1,0,0
15,"C15 · colega, cumpleaños, médico, besadme",1,0,0,0,0,0,0,0,0,0,0,0,0
18,"C18 · fujisawa, kai, hit, kamakura",1,0,0,0,0,0,0,0,1,0,0,0,0
21,"C21 · imbécil, llama, pedófilo, zorra",3,0,0,0,0,0,0,0,0,0,0,0,0
23,"C23 · equipaje, tampón, bolsa, bolsillo",0,0,0,0,0,0,0,0,0,1,0,0,0
25,"C25 · paso, milla, corro, seguido",0,0,0,0,0,0,0,0,1,0,0,0,0
28,"C28 · entrega, sim, mes, pago",1,0,0,0,0,0,0,0,0,0,0,0,0
30,"C30 · lluvia, tormenta, sol, repentino",1,0,0,0,0,0,0,0,0,0,0,0,0
