lang,Atmósfera,Perspectiva política,Imagen cultural,Saliencia de violencia,Ningún indicador,menciones,tuits_calificados,tuits
en,70,15,45,17,1966,147,93,2059
ja,29,10,23,8,387,70,45,432
qme,0,0,0,0,64,0,0,64
und,1,0,1,0,21,2,1,22
es,3,0,2,0,8,5,4,12
zxx,0,0,0,0,8,0,0,8
ht,0,0,0,0,5,0,0,5
art,0,0,0,0,4,0,0,4
in,0,0,0,0,4,0,0,4
tl,0,0,0,0,4,0,0,4
fr,0,0,0,0,3,0,0,3
pt,1,0,0,0,2,1,1,3
qam,0,0,0,0,2,0,0,2
et,0,0,0,0,1,0,0,1
eu,0,0,0,0,1,0,0,1
fi,0,0,0,0,1,0,0,1
it,0,0,0,0,1,0,0,1
no,0,0,0,0,1,0,0,1
pl,0,0,0,0,1,0,0,1
qht,0,0,0,0,1,0,0,1
qst,0,0,0,0,1,0,0,1
sv,0,0,0,0,1,0,0,1
