cluster,tema,Atmósfera,Perspectiva política,Imagen cultural,Saliencia de violencia,Ningún indicador,menciones,tuits_calificados,tuits
4,"C4 · méxico, viaje, ciudad, hora",38,2,25,1,58,66,41,99
-1,ruido,31,7,19,6,853,63,44,897
10,"C10 · méxico, mexicano, gente, japón",21,11,7,15,24,54,23,47
8,"C8 · vegetarian, ensalada, queso, recipes",2,0,12,0,48,14,12,60
11,"C11 · estadio, york, autobús, impresionante",2,3,4,0,40,9,6,46
21,"C21 · imbécil, llama, pedófilo, zorra",3,0,0,0,21,3,3,24
3,"C3 · yonna, streamer, chica, stream",0,0,1,1,111,2,2,113
5,"C5 · partido, copa, fútbol, mundo",2,0,0,0,93,2,2,95
7,"C7 · lindo, genial, increíble, favor",1,0,1,0,74,2,1,75
18,"C18 · fujisawa, kai, hit, kamakura",1,0,1,0,28,2,2,30
1,"C1 · especial, correcto, palabra, entrepierna",0,1,0,0,146,1,1,147
2,"C2 · jugador, portero, fichaje, ince",0,0,0,1,134,1,1,135
9,"C9 · rotundo, mitch, traemos, verdaderamente",0,0,0,1,48,1,1,49
15,"C15 · colega, cumpleaños, médico, besadme",1,0,0,0,34,1,1,35
23,"C23 · equipaje, tampón, bolsa, bolsillo",0,1,0,0,22,1,1,23
25,"C25 · paso, milla, corro, seguido",0,0,1,0,20,1,1,21
28,"C28 · entrega, sim, mes, pago",1,0,0,0,16,1,1,17
30,"C30 · lluvia, tormenta, sol, repentino",1,0,0,0,14,1,1,15
0,"C0 · cristiano, iglesia, dios, judío",0,0,0,0,180,0,0,180
6,"C6 · proyecto, desarrollador, vivienda, negocio",0,0,0,0,93,0,0,93
12,"C12 · marido, carne, batidos, leche",0,0,0,0,45,0,0,45
13,"C13 · tecnología, acción, ambicioso, fundador",0,0,0,0,39,0,0,39
14,"C14 · sitio, hecho, usuario, envío",0,0,0,0,37,0,0,37
16,"C16 · tarea, aplicación, app, foto",0,0,0,0,35,0,0,35
17,"C17 · entrada, vuelo, club, inglaterra",0,0,0,0,33,0,0,33
19,"C19 · extraño, correo, electrónico, terapia",0,0,0,0,27,0,0,27
20,"C20 · hora, presidente, kompany, wednesday",0,0,0,0,26,0,0,26
22,"C22 · voz, película, lotta, mandalorian",0,0,0,0,23,0,0,23
24,"C24 · mujer, gay, militar, feminista",0,0,0,0,22,0,0,22
26,"C26 · gracia, mentalmente, inolvidable, artista",0,0,0,0,20,0,0,20
27,"C27 · publicación, hermano, post, hermoso",0,0,0,0,19,0,0,19
29,"C29 · efecto, phat, indeed, yes",0,0,0,0,16,0,0,16
-2,sin texto útil,0,0,0,0,88,0,0,88
